PULocationID,yellow_total_amount,green_total_amount,Borough,Zone,service_zone,biv_amount_color,yellow_change_percent,green_change_percent,biv_ratio_color,total_change_percent
1,431.86,188.15,EWR,Newark Airport,EWR,#e8e8e8,-99.28632207653736,-70.88588007736945,#6c83b5,-98.98621835131021
2,0.0,0.0,Queens,Jamaica Bay,Boro Zone,#e8e8e8,-100.0,-100.0,#2a5a5b,-100.0
3,1477.21,1250.85,Bronx,Allerton/Pelham Gardens,Boro Zone,#90b2b3,-63.46731692357916,-80.79205792249873,#b8d6be,-74.15552574538069
4,6531.230000000001,333.48,Manhattan,Alphabet City,Yellow Zone,#567994,-97.05487617274908,436.8319381841597,#6c83b5,-96.90536708652819
5,114.78,0.0,Staten Island,Arden Heights,Boro Zone,#e8e8e8,-95.0865146702511,-100.0,#5a9178,-95.93073961413285
6,84.34,0.0,Staten Island,Arrochar/Fort Wadsworth,Boro Zone,#e8e8e8,-95.44443004061878,-100.0,#2a5a5b,-95.60733742356851
7,9981.4,6650.82,Queens,Astoria,Boro Zone,#2a5a5b,-93.22139473263512,-97.56041054292109,#5a9178,-96.03871245186355
8,0.0,11.05,Queens,Astoria Park,Boro Zone,#e8e8e8,-100.0,-86.89516129032259,#567994,-99.73617295593732
9,684.04,878.86,Queens,Auburndale,Boro Zone,#b8d6be,-70.9627164403391,-73.50501043086088,#e8e8e8,-72.44927998646175
10,4344.41,4000.41,Queens,Baisley Park,Boro Zone,#5a9178,-97.02095101003476,-63.16476186617657,#6c83b5,-94.67439356818797
11,407.97,544.79,Brooklyn,Bath Beach,Boro Zone,#b8d6be,-89.17098885697754,-89.0193193384865,#90b2b3,-89.0847809475147
12,435.39,0.0,Manhattan,Battery Park,Yellow Zone,#e8e8e8,-99.42393612291905,-100.0,#2a5a5b,-99.42448437691667
13,11886.35,65.56,Manhattan,Battery Park City,Yellow Zone,#6c83b5,-99.22737435912748,-74.10128782491901,#6c83b5,-99.22324069891161
14,2255.51,2609.42,Brooklyn,Bay Ridge,Boro Zone,#5a9178,-89.35264058535435,-90.28143184465904,#90b2b3,-89.87181678487907
15,404.17,214.13,Queens,Bay Terrace/Fort Totten,Boro Zone,#e8e8e8,-90.12613202453748,-92.68424343262829,#5a9178,-91.19268407333021
16,1840.21,603.54,Queens,Bayside,Boro Zone,#90b2b3,-63.45163853028798,-88.38173155589779,#b8d6be,-76.11134191940174
17,4961.01,5096.68,Brooklyn,Bedford,Boro Zone,#2a5a5b,-80.89895989829226,-90.24533834934714,#90b2b3,-87.14197648921417
18,2359.36,3447.1,Bronx,Bedford Park,Boro Zone,#5a9178,-54.57125582935722,-78.99280522928075,#b8d6be,-73.12157565635373
19,398.32,691.41,Queens,Bellerose,Boro Zone,#b8d6be,-89.73026210623475,-81.88138426947448,#90b2b3,-85.83773035635382
20,1653.83,971.11,Bronx,Belmont,Boro Zone,#90b2b3,-54.22595439285033,-90.51370619069296,#b8d6be,-81.04737830514202
21,1366.78,2184.05,Brooklyn,Bensonhurst East,Boro Zone,#5a9178,-78.89201535710205,-80.3875877105547,#90b2b3,-79.8377059196286
22,1810.1,3162.13,Brooklyn,Bensonhurst West,Boro Zone,#5a9178,-72.9191539274034,-78.75389529500771,#e8e8e8,-76.94562163264928
23,566.42,113.09,Staten Island,Bloomfield/Emerson Hill,Boro Zone,#e8e8e8,-86.69529207547524,-75.75257289879931,#b5c0da,-85.61484771439278
24,21617.42,1553.4,Manhattan,Bloomingdale,Yellow Zone,#567994,-93.53185739951073,-93.73204934629156,#5a9178,-93.54567757597042
25,4480.18,5735.71,Brooklyn,Boerum Hill,Boro Zone,#2a5a5b,-96.39078029645005,-96.61989040489469,#2a5a5b,-96.52309768921008
26,1588.24,1405.99,Brooklyn,Borough Park,Boro Zone,#90b2b3,-83.84690645843038,-92.1667982423641,#5a9178,-89.22222786146048
27,0.0,0.0,Queens,Breezy Point/Fort Tilden/Riis Beach,Boro Zone,#e8e8e8,-100.0,-100.0,#2a5a5b,-100.0
28,1391.35,1043.86,Queens,Briarwood/Jamaica Hills,Boro Zone,#90b2b3,-96.9485034321249,-89.86928263154472,#567994,-95.64359797400947
29,2676.29,9096.5,Brooklyn,Brighton Beach,Boro Zone,#5a9178,-58.082235121275815,-44.5732815980736,#e8e8e8,-48.356756642940674
30,0.0,53.56,Queens,Broad Channel,Boro Zone,#e8e8e8,-100.0,-59.60174988686077,#6c83b5,-87.25793405338534
31,372.17,417.5,Bronx,Bronx Park,Boro Zone,#b8d6be,-81.69526704341453,-94.51965246064323,#5a9178,-91.81801038614407
32,1053.47,1580.4,Bronx,Bronxdale,Boro Zone,#b8d6be,-86.61179060167956,-86.60495203159077,#90b2b3,-86.60768809525385
33,3665.7,2467.49,Brooklyn,Brooklyn Heights,Boro Zone,#5a9178,-97.5893602778894,-98.94481832926624,#2a5a5b,-98.41071356801993
34,78.35,353.48,Brooklyn,Brooklyn Navy Yard,Boro Zone,#b8d6be,-97.4426013330461,-86.47551489690584,#567994,-92.39373010714618
35,6933.41,5166.66,Brooklyn,Brownsville,Boro Zone,#2a5a5b,-61.5316841334932,-83.54474645712627,#b8d6be,-75.51679993071902
36,2124.13,1030.94,Brooklyn,Bushwick North,Boro Zone,#90b2b3,-83.68602590875331,-95.72731292851101,#5a9178,-91.50696709352522
37,9175.94,5040.81,Brooklyn,Bushwick South,Boro Zone,#2a5a5b,-63.28005384773609,-77.01762200701488,#e8e8e8,-69.70153881892102
38,3038.5,3060.31,Queens,Cambria Heights,Boro Zone,#5a9178,-37.193693945087645,-50.28332385671352,#e8e8e8,-44.52293605521136
39,8001.53,5611.42,Brooklyn,Canarsie,Boro Zone,#2a5a5b,-62.97564309421868,-81.97451500908434,#b8d6be,-74.18955022760794
40,960.67,285.7,Brooklyn,Carroll Gardens,Boro Zone,#b8d6be,-98.56501876423151,-99.34165941001899,#2a5a5b,-98.8704637001306
41,51371.24,30408.16,Manhattan,Central Harlem,Boro Zone,#2a5a5b,-86.4328980521207,-91.8791644834425,#90b2b3,-89.14084635414453
42,46133.2,35013.66,Manhattan,Central Harlem North,Boro Zone,#2a5a5b,-72.68593604452647,-84.54828515808968,#b8d6be,-79.48243936055046
43,38160.02,3738.37,Manhattan,Central Park,Yellow Zone,#2a5a5b,-98.11914832281106,-96.01767135234613,#2a5a5b,-98.02621480606355
44,3965.72,0.0,Staten Island,Charleston/Tottenville,Boro Zone,#b5c0da,340.8804891606448,-100.0,#73ae80,298.3486349117062
45,3139.5,114.39,Manhattan,Chinatown,Yellow Zone,#b5c0da,-98.98725639838956,0.5184534270650294,#6c83b5,-98.95074151772083
46,155.69,1101.83,Bronx,City Island,Boro Zone,#b8d6be,-89.63828158796711,-49.465684565851504,#b5c0da,-65.85526119291538
47,3209.84,2585.17,Bronx,Claremont/Bathgate,Boro Zone,#5a9178,-50.632580429840935,-76.61696402324583,#e8e8e8,-66.99446225557007
48,117020.23,69.81,Manhattan,Clinton East,Yellow Zone,#6c83b5,-97.04346034762224,-92.74882107318695,#2a5a5b,-97.04241598133477
49,2676.75,3138.88,Brooklyn,Clinton Hill,Boro Zone,#5a9178,-91.18568687924416,-95.27106681670068,#5a9178,-93.98865814199473
50,26708.51,193.85,Manhattan,Clinton West,Yellow Zone,#6c83b5,-97.63597587969616,34.71160528144544,#6c83b5,-97.6191210746667
51,4380.76,4278.34,Bronx,Co-Op City,Boro Zone,#5a9178,-73.05182502226837,-82.96767977960862,#b8d6be,-79.07175773694331
52,1325.94,2960.21,Brooklyn,Cobble Hill,Boro Zone,#73ae80,-98.1872127914741,-96.00102885147564,#2a5a5b,-97.08758037837161
53,362.86,365.92,Queens,College Point,Boro Zone,#b8d6be,-90.79294919451624,-87.03996883245674,#90b2b3,-89.22649810187211
54,193.7,145.76,Brooklyn,Columbia Street,Boro Zone,#e8e8e8,-96.33765428363986,-96.05627705627704,#2a5a5b,-96.22190861172449
55,2806.37,8434.73,Brooklyn,Coney Island,Boro Zone,#5a9178,-70.15817484833822,-79.78586954698288,#b8d6be,-78.01511997113299
56,1575.89,1441.67,Queens,Corona,Boro Zone,#90b2b3,-93.43074517474146,-91.48627452833084,#90b2b3,-92.62613217471628
57,0.0,54.72,Queens,Corona,Boro Zone,#e8e8e8,-100.0,-95.42367778409658,#2a5a5b,-97.66530988403349
58,0.0,46.31,Bronx,Country Club,Boro Zone,#e8e8e8,-100.0,-96.23498995943123,#2a5a5b,-97.14746807763618
59,451.12,189.42,Bronx,Crotona Park,Boro Zone,#e8e8e8,22.643612538400895,-70.49578666998957,#e8e8e8,-36.57014972668939
60,1331.41,1904.58,Bronx,Crotona Park East,Boro Zone,#73ae80,-71.66477255798314,-72.79245277628179,#e8e8e8,-72.33953074501432
61,9727.77,10091.67,Brooklyn,Crown Heights North,Boro Zone,#2a5a5b,-73.57868688292567,-87.00514235641867,#b8d6be,-82.6869434900544
62,2906.29,1846.58,Brooklyn,Crown Heights South,Boro Zone,#90b2b3,-69.36177435184902,-91.40788690635445,#b8d6be,-84.65697573069399
63,3207.31,1681.63,Brooklyn,Cypress Hills,Boro Zone,#90b2b3,-40.58897732892965,-72.85872456357814,#e8e8e8,-57.83342748838876
64,2203.71,239.25,Queens,Douglaston,Boro Zone,#b5c0da,-26.661075668174238,-87.28523067275344,#b8d6be,-50.00593471810089
65,8163.32,13317.24,Brooklyn,Downtown Brooklyn/MetroTech,Boro Zone,#2a5a5b,-95.60096407481657,-93.50158509766649,#2a5a5b,-94.49923399733035
66,2307.92,1288.6,Brooklyn,DUMBO/Vinegar Hill,Boro Zone,#90b2b3,-97.32272501750788,-99.35833748958281,#2a5a5b,-98.74697131254416
67,63.69,407.83,Brooklyn,Dyker Heights,Boro Zone,#b8d6be,-98.09311377245508,-92.29819177564801,#2a5a5b,-94.53959063142354
68,64294.13000000001,613.87,Manhattan,East Chelsea,Yellow Zone,#567994,-97.97007033988515,9.517947620067083,#6c83b5,-97.95105150172586
69,4311.15,6801.76,Bronx,East Concourse/Concourse Village,Boro Zone,#5a9178,-69.61995612628807,-77.71980602903274,#e8e8e8,-75.14947222668839
70,2146.04,795.31,Queens,East Elmhurst,Boro Zone,#90b2b3,-96.09139980100386,-89.40633320945574,#567994,-95.2872798936119
71,3878.44,3157.21,Brooklyn,East Flatbush/Farragut,Boro Zone,#5a9178,-67.30307988929158,-85.19014180305184,#b8d6be,-78.7955668595233
72,3264.48,3704.37,Brooklyn,East Flatbush/Remsen Village,Boro Zone,#5a9178,-76.5212044059422,-83.9916595542399,#b8d6be,-81.18774329044764
73,704.68,194.94,Queens,East Flushing,Boro Zone,#e8e8e8,-25.29471630904927,-90.26132656578623,#b8d6be,-69.45252785238661
74,70384.61,43518.81,Manhattan,East Harlem North,Boro Zone,#2a5a5b,-81.79099993097694,-92.08759554871445,#5a9178,-87.83791119545708
75,139526.87,47880.71,Manhattan,East Harlem South,Boro Zone,#2a5a5b,-82.39257812031703,-89.7420124390609,#90b2b3,-85.1169008243093
76,10944.46,7611.37,Brooklyn,East New York,Boro Zone,#2a5a5b,-64.07634899226643,-83.43333935517009,#b8d6be,-75.71537626264906
77,4322.51,3471.46,Brooklyn,East New York/Pennsylvania Avenue,Boro Zone,#5a9178,-37.94302975138506,-74.56694067138481,#e8e8e8,-62.192338607378474
78,2477.15,2255.51,Bronx,East Tremont,Boro Zone,#5a9178,-68.02460291336702,-85.45682330199251,#b8d6be,-79.64982105777793
79,55724.24,53.56,Manhattan,East Village,Yellow Zone,#6c83b5,-98.20005496068646,-50.53564831917251,#6c83b5,-98.19838793481868
80,1925.48,615.46,Brooklyn,East Williamsburg,Boro Zone,#90b2b3,-96.21501828722441,-98.78680765186785,#2a5a5b,-97.49912895586907
81,2680.65,5618.9,Bronx,Eastchester,Boro Zone,#5a9178,-60.15568216105984,-57.72949403884232,#e8e8e8,-58.544803758941455
82,12963.21,13450.5,Queens,Elmhurst,Boro Zone,#2a5a5b,-76.98788079975715,-95.21043276386608,#5a9178,-92.16585192787437
83,1355.89,1409.53,Queens,Elmhurst/Maspeth,Boro Zone,#90b2b3,-88.72312271751544,-96.09623307665123,#5a9178,-94.25433534418369
84,399.5,0.0,Staten Island,Eltingville/Annadale/Prince's Bay,Boro Zone,#e8e8e8,109.26090828138916,-100.0,#73ae80,41.94350683958075
85,2833.51,1897.53,Brooklyn,Erasmus,Boro Zone,#5a9178,-71.2304802518022,-87.7093665776487,#b8d6be,-81.29123772186068
86,2085.25,3068.44,Queens,Far Rockaway,Boro Zone,#5a9178,-71.525503808434,-61.496888697042294,#e8e8e8,-66.2993418363844
87,18062.12,55.3,Manhattan,Financial District North,Yellow Zone,#6c83b5,-98.552044240294,-79.49573600296625,#567994,-98.54792504485421
88,9530.89,160.07,Manhattan,Financial District South,Yellow Zone,#6c83b5,-98.67721426630956,117.13239283776451,#6c83b5,-98.65513586042643
89,5471.6,5664.79,Brooklyn,Flatbush/Ditmas Park,Boro Zone,#2a5a5b,-79.15141742241319,-86.66425759064931,#90b2b3,-83.79518447465409
90,58417.87,192.85,Manhattan,Flatiron,Yellow Zone,#6c83b5,-97.20934949394493,-26.1507237497128,#6c83b5,-97.2004861875639
91,4149.61,3325.25,Brooklyn,Flatlands,Boro Zone,#5a9178,-70.50537918720822,-87.45170211938968,#b8d6be,-81.57478742822352
92,2458.09,4874.89,Queens,Flushing,Boro Zone,#5a9178,-81.64067226438854,-93.38818124631595,#5a9178,-91.58277348427526
93,1105.05,193.44,Queens,Flushing Meadows-Corona Park,Boro Zone,#e8e8e8,-98.77011672455387,-99.53313838932743,#2a5a5b,-99.01093133053193
94,1295.5,2058.71,Bronx,Fordham South,Boro Zone,#73ae80,-58.81601200391653,-70.45725241010365,#e8e8e8,-66.83669131183622
95,5727.01,7558.6100000000015,Queens,Forest Hills,Boro Zone,#2a5a5b,-80.05706726227227,-96.26987244220287,#5a9178,-94.25744366549304
96,150.25,135.47,Queens,Forest Park/Highland Park,Boro Zone,#e8e8e8,-82.90262747641644,-78.39979590860531,#b5c0da,-81.02738452548542
97,7000.42,17718.75,Brooklyn,Fort Greene,Boro Zone,#2a5a5b,-93.33963809764838,-92.02233633267224,#90b2b3,-92.4454769441784
98,416.93,840.58,Queens,Fresh Meadows,Boro Zone,#b8d6be,-86.482622227986,-71.08825754970077,#b5c0da,-79.0128175172736
99,0.0,0.0,Staten Island,Freshkills Park,Boro Zone,#e8e8e8,-100.0,-0.0,#6c83b5,-100.0
100,66244.39,63.4,Manhattan,Garment District,Yellow Zone,#6c83b5,-97.42307557892308,-93.017544246082,#2a5a5b,-97.42152004829923
101,749.64,827.13,Queens,Glen Oaks,Boro Zone,#b8d6be,-85.92851632231287,-73.56111313553633,#b5c0da,-81.35286541947981
102,1050.0,598.97,Queens,Glendale,Boro Zone,#b8d6be,-75.24664945719438,-88.26227966176425,#b8d6be,-82.35414348086637
103,0.0,0.0,Manhattan,Governor's Island/Ellis Island/Liberty Island,Yellow Zone,#e8e8e8,-0.0,-0.0,#e8e8e8,-0.0
104,0.0,0.0,Manhattan,Governor's Island/Ellis Island/Liberty Island,Yellow Zone,#e8e8e8,-0.0,-0.0,#e8e8e8,-0.0
105,0.0,0.0,Manhattan,Governor's Island/Ellis Island/Liberty Island,Yellow Zone,#e8e8e8,-100.0,-0.0,#6c83b5,-100.0
106,1816.89,2334.01,Brooklyn,Gowanus,Boro Zone,#5a9178,-88.09221392056627,-87.03115232774259,#90b2b3,-87.51798599009774
107,90031.45,442.51,Manhattan,Gramercy,Yellow Zone,#567994,-96.69302380603241,70.68194090874026,#6c83b5,-96.67708625885936
108,839.65,920.51,Brooklyn,Gravesend,Boro Zone,#b8d6be,-75.56301259029446,-91.4008398219465,#b8d6be,-87.55246406984696
109,475.62,0.0,Staten Island,Great Kills,Boro Zone,#e8e8e8,72.60124836696183,-100.0,#73ae80,59.14475005019072
110,0.0,0.0,Staten Island,Great Kills Park,Boro Zone,#e8e8e8,-0.0,-0.0,#e8e8e8,-0.0
111,0.0,0.0,Brooklyn,Green-Wood Cemetery,Boro Zone,#e8e8e8,-100.0,-100.0,#2a5a5b,-100.0
112,1073.52,305.57,Brooklyn,Greenpoint,Boro Zone,#b8d6be,-97.46246899648723,-99.48788475471277,#2a5a5b,-98.64760492635861
113,24361.67,23.8,Manhattan,Greenwich Village North,Yellow Zone,#6c83b5,-98.72079033607176,-93.39805825242719,#2a5a5b,-98.7197829583333
114,10845.17,0.0,Manhattan,Greenwich Village South,Yellow Zone,#6c83b5,-99.33048739685584,-100.0,#2a5a5b,-99.3305602852834
115,1506.29,595.54,Staten Island,Grymes Hill/Clifton,Boro Zone,#90b2b3,300.0770252324037,-73.43604337373044,#e8e8e8,-19.7287666942916
116,19587.38,11088.14,Manhattan,Hamilton Heights,Boro Zone,#2a5a5b,-85.7544224107454,-90.39480841098543,#90b2b3,-87.87226858862087
117,3676.7,2886.41,Queens,Hammels/Arverne,Boro Zone,#5a9178,-58.0418542973805,-65.07848361002829,#e8e8e8,-61.45740595012978
118,254.68,0.0,Staten Island,Heartland Village/Todt Hill,Boro Zone,#e8e8e8,-61.380523458587334,-100.0,#73ae80,-74.87446109527144
119,3666.17,3437.09,Bronx,Highbridge,Boro Zone,#5a9178,-58.984229910364675,-80.16504649867703,#b8d6be,-72.95736191075535
120,70.7,131.72,Manhattan,Highbridge Park,Boro Zone,#e8e8e8,-95.50797382298748,-89.20840911697718,#567994,-92.75643411296556
121,2694.14,2356.1,Queens,Hillcrest/Pomonok,Boro Zone,#5a9178,-48.442347033483934,-79.49102291580708,#b8d6be,-69.78370348033313
122,904.99,1031.79,Queens,Hollis,Boro Zone,#b8d6be,-75.74780655915191,-82.77559646627537,#b8d6be,-80.07809205234389
123,894.64,1000.83,Brooklyn,Homecrest,Boro Zone,#b8d6be,-84.69965915251598,-92.06088692021143,#5a9178,-89.7284039730111
124,1044.57,500.12,Queens,Howard Beach,Boro Zone,#b8d6be,-88.54303996560402,-89.40432708197389,#90b2b3,-88.83683182799057
125,9745.81,15.43,Manhattan,Hudson Sq,Yellow Zone,#6c83b5,-98.75907616729141,-74.83281683249062,#6c83b5,-98.75720850046447
126,3597.49,1261.83,Bronx,Hunts Point,Boro Zone,#90b2b3,-25.82586607175994,-86.2544254294709,#b8d6be,-65.36469098985316
127,2184.49,2961.79,Manhattan,Inwood,Boro Zone,#5a9178,-85.71740536144054,-88.69136618898744,#90b2b3,-87.5949282263665
128,333.14,94.53,Manhattan,Inwood Hill Park,Boro Zone,#e8e8e8,-85.17117205339694,-94.2563236339553,#5a9178,-89.01263494314533
129,4300.69,3001.9300000000007,Queens,Jackson Heights,Boro Zone,#5a9178,-93.63334891185482,-98.27004989483768,#5a9178,-96.9708380600342
130,3694.91,8698.77,Queens,Jamaica,Boro Zone,#5a9178,-93.50101418308485,-94.31420610191563,#5a9178,-94.09388665745287
131,1104.49,1201.71,Queens,Jamaica Estates,Boro Zone,#b8d6be,-85.94830404862988,-87.827666227398,#90b2b3,-86.99461896861496
132,88723.33,0.0,Queens,JFK Airport,Airports,#6c83b5,-99.32737446523417,-100.0,#2a5a5b,-99.32755175156811
133,1131.73,1176.4,Brooklyn,Kensington,Boro Zone,#b8d6be,-86.15749483840034,-85.4598489623889,#90b2b3,-85.81049595302235
134,833.4,1154.28,Queens,Kew Gardens,Boro Zone,#b8d6be,-96.58389421303318,-98.13064557086666,#2a5a5b,-97.69260022669094
135,2950.92,576.61,Queens,Kew Gardens Hills,Boro Zone,#90b2b3,-75.57314844246662,-92.26162916319412,#73ae80,-81.93969368137846
136,5566.27,5798.75,Bronx,Kingsbridge Heights,Boro Zone,#2a5a5b,-39.71102554521182,-65.27112330211054,#e8e8e8,-56.170128249874175
137,256827.59,673.45,Manhattan,Kips Bay,Yellow Zone,#567994,-81.65120578886277,162.50243617228608,#b5c0da,-81.60646316130176
138,54757.35,56.62,Queens,LaGuardia Airport,Airports,#6c83b5,-99.33936622264729,-98.3490545406832,#2a5a5b,-99.33895663416631
139,2297.9,1713.75,Queens,Laurelton,Boro Zone,#90b2b3,-69.15417275757318,-70.36885267160129,#e8e8e8,-69.68505067542038
140,182791.83,549.38,Manhattan,Lenox Hill East,Yellow Zone,#567994,-91.63907728538382,171.31216356363277,#b5c0da,-91.61472520823129
141,118915.12,132.95,Manhattan,Lenox Hill West,Yellow Zone,#6c83b5,-95.39843691659435,-54.45045909277786,#b5c0da,-95.39381250959896
142,106925.67,205.8,Manhattan,Lincoln Square East,Yellow Zone,#6c83b5,-97.03030554960718,-47.70145612563847,#6c83b5,-97.02491492506472
143,55269.65,166.61,Manhattan,Lincoln Square West,Yellow Zone,#6c83b5,-95.99318110065441,-9.784492094433627,#6c83b5,-95.98164057039475
144,7545.0,65.53,Manhattan,Little Italy/NoLiTa,Yellow Zone,#6c83b5,-99.4136523781432,-66.70561934762728,#6c83b5,-99.4086502690823
145,4715.73,1270.12,Queens,Long Island City/Hunters Point,Boro Zone,#567994,-99.2305881372838,-98.46465442575945,#2a5a5b,-99.13950163677043
146,7254.63,1198.4,Queens,Long Island City/Queens Plaza,Boro Zone,#567994,-93.61376117593777,-96.1593953483304,#5a9178,-94.16232330006497
147,1960.51,1261.96,Bronx,Longwood,Boro Zone,#90b2b3,-62.782782022685204,-85.50399342030447,#b8d6be,-76.9384083381759
148,15626.12,39.93,Manhattan,Lower East Side,Yellow Zone,#6c83b5,-99.05308722160777,-54.82009504412762,#6c83b5,-99.05071838078207
149,1861.59,462.89,Brooklyn,Madison,Boro Zone,#90b2b3,-71.36935969818937,-95.34810101140036,#73ae80,-85.87169848018404
150,502.41,297.54,Brooklyn,Manhattan Beach,Boro Zone,#b8d6be,-88.61827111717237,-96.78314269033669,#5a9178,-94.14538503086305
151,73634.94,417.6,Manhattan,Manhattan Valley,Yellow Zone,#567994,-92.19718173864165,227.06766917293237,#b5c0da,-92.15399178067443
152,13341.76,4419.91,Manhattan,Manhattanville,Boro Zone,#2a5a5b,-87.70511729558584,-91.99436841253969,#90b2b3,-89.15150580471189
153,505.82,585.69,Manhattan,Marble Hill,Boro Zone,#b8d6be,-84.63846548650528,-79.38146870379497,#90b2b3,-82.20374769498662
154,5.3,86.73,Brooklyn,Marine Park/Floyd Bennett Field,Boro Zone,#e8e8e8,-99.66339589088945,-93.19946053601393,#2a5a5b,-96.77075255536178
155,1969.13,2060.9,Brooklyn,Marine Park/Mill Basin,Boro Zone,#5a9178,-82.13202013712701,-87.26709264149288,#90b2b3,-85.18701348155521
156,153.62,1403.63,Staten Island,Mariners Harbor,Boro Zone,#b8d6be,-82.652980566189,-58.21671712345691,#b5c0da,-63.31462844650497
157,778.57,401.47,Queens,Maspeth,Boro Zone,#b8d6be,-97.08643655139947,-93.05357538342285,#2a5a5b,-96.36930654259551
158,4316.36,35.81,Manhattan,Meatpacking/West Village West,Yellow Zone,#b5c0da,-99.66596006138019,4.40233236151605,#6c83b5,-99.6631976919666
159,13726.54,14771.6,Bronx,Melrose South,Boro Zone,#2a5a5b,15.611484554438276,-44.535456853296964,#e8e8e8,-25.98943008141693
160,414.47,771.83,Queens,Middle Village,Boro Zone,#b8d6be,-92.43351692586866,-85.08644809249985,#90b2b3,-88.86424288960836
161,48559.73,143.84,Manhattan,Midtown Center,Yellow Zone,#6c83b5,-99.14857214316162,-76.84183410613086,#6c83b5,-99.14614309638307
162,75123.07,139.75,Manhattan,Midtown East,Yellow Zone,#6c83b5,-98.43377562602798,-67.9097109003651,#6c83b5,-98.43100446493006
163,37537.49,0.0,Manhattan,Midtown North,Yellow Zone,#6c83b5,-98.95529936370528,-100.0,#2a5a5b,-98.9553853951154
164,34357.22,17.33,Manhattan,Midtown South,Yellow Zone,#6c83b5,-98.85967952729187,-96.88768363205344,#2a5a5b,-98.85931515152679
165,1231.42,1761.0,Brooklyn,Midwood,Boro Zone,#b8d6be,-86.36109397445709,-89.54133311477631,#90b2b3,-88.43126460386507
166,35231.58,11143.91,Manhattan,Morningside Heights,Boro Zone,#2a5a5b,-94.85483110860642,-96.67202867382228,#5a9178,-95.451629312147
167,3333.02,2527.52,Bronx,Morrisania/Melrose,Boro Zone,#5a9178,-50.877725621393786,-80.11126586561541,#b8d6be,-69.9358502471343
168,9738.58,4837.54,Bronx,Mott Haven/Port Morris,Boro Zone,#2a5a5b,-68.28050376862367,-81.90001331998343,#b8d6be,-74.61886383087275
169,2960.04,5347.22,Bronx,Mount Hope,Boro Zone,#5a9178,-50.402804214364224,-69.64013083673852,#e8e8e8,-64.77130904395284
170,83548.12,238.68,Manhattan,Murray Hill,Yellow Zone,#6c83b5,-97.86895836516419,-75.44343388616815,#6c83b5,-97.8634001084763
171,2698.97,640.0,Queens,Murray Hill-Queens,Boro Zone,#90b2b3,-48.5901663076129,-87.89646179537077,#b8d6be,-68.31381279643792
172,97.91,0.0,Staten Island,New Dorp/Midland Beach,Boro Zone,#e8e8e8,210.3328050713154,-100.0,#73ae80,-42.19847688765571
173,446.27,737.22,Queens,North Corona,Boro Zone,#b8d6be,-91.97116405257685,-96.0815412753142,#5a9178,-95.14413247460135
174,6187.35,6688.34,Bronx,Norwood,Boro Zone,#2a5a5b,-2.6861629344430917,-75.06274078910035,#e8e8e8,-61.19303254095008
175,920.22,343.7,Queens,Oakland Gardens,Boro Zone,#b8d6be,-67.54028275531225,-90.46879549645736,#b8d6be,-80.3769905651443
176,216.23,0.0,Staten Island,Oakwood,Boro Zone,#e8e8e8,329.02777777777777,-100.0,#73ae80,80.28180757045185
177,3630.67,2015.93,Brooklyn,Ocean Hill,Boro Zone,#5a9178,-62.05252716976636,-87.52347938672304,#b8d6be,-78.05049559948706
178,156.0,110.23,Brooklyn,Ocean Parkway South,Boro Zone,#e8e8e8,-94.75580895008606,-97.54573771477301,#5a9178,-96.43414424417601
179,3833.34,1900.27,Queens,Old Astoria,Boro Zone,#5a9178,-93.54524319208159,-95.33974444337356,#5a9178,-94.27577315264818
180,245.94,243.58,Queens,Ozone Park,Boro Zone,#e8e8e8,-95.633059060417,-89.52073653415937,#567994,-93.84736044322332
181,3418.25,3391.19,Brooklyn,Park Slope,Boro Zone,#5a9178,-97.00013041194201,-97.99712632375092,#2a5a5b,-97.59607013754436
182,3175.13,2638.54,Bronx,Parkchester,Boro Zone,#5a9178,-69.72716472896671,-87.37138245967375,#b8d6be,-81.47434238786147
183,3000.86,813.1,Bronx,Pelham Bay,Boro Zone,#90b2b3,6.828667445105808,-86.0429268828574,#b8d6be,-55.83015625217145
184,82.47,269.39,Bronx,Pelham Bay Park,Boro Zone,#b8d6be,-90.0969055081235,-60.820559062218216,#b5c0da,-76.85664485151446
185,7059.8,6679.74,Bronx,Pelham Parkway,Boro Zone,#2a5a5b,68.33456130436754,-41.05641949696579,#e8e8e8,-11.508185444863376
186,105546.39,13.45,Manhattan,Penn Station/Madison Sq West,Yellow Zone,#6c83b5,-97.68588526162243,-98.18083451680529,#2a5a5b,-97.6859654814755
187,0.0,65.89,Staten Island,Port Richmond,Boro Zone,#e8e8e8,-100.0,-85.96113691566882,#567994,-92.00577515711824
188,15543.27,9551.17,Brooklyn,Prospect-Lefferts Gardens,Boro Zone,#2a5a5b,-34.365791925059305,-76.17115646048053,#e8e8e8,-60.6448461162677
189,1046.07,731.74,Brooklyn,Prospect Heights,Boro Zone,#b8d6be,-95.58541647500105,-96.5863170908073,#2a5a5b,-96.06080306164593
190,334.21,135.49,Brooklyn,Prospect Park,Boro Zone,#e8e8e8,-96.59593581972649,-98.91344706492774,#2a5a5b,-97.89255768209163
191,2184.17,2057.27,Queens,Queens Village,Boro Zone,#5a9178,-81.90916357100556,-82.44552812229347,#90b2b3,-82.17335569313278
192,732.8000000000002,188.18,Queens,Queensboro Hill,Boro Zone,#e8e8e8,-77.86376914037837,-97.83473672340828,#5a9178,-92.32597883390675
193,5462.0,923.44,Queens,Queensbridge/Ravenswood,Boro Zone,#567994,-90.60421341337126,-96.69801166980976,#5a9178,-92.58357451025348
194,1680.69,379.32,Manhattan,Randalls Island,Yellow Zone,#90b2b3,-93.53835755582605,-43.24445641439986,#b5c0da,-92.27841790798618
195,3461.09,560.25,Brooklyn,Red Hook,Boro Zone,#90b2b3,-81.72985915834958,-96.98497411194641,#5a9178,-89.2838279694824
196,1407.57,2200.9500000000007,Queens,Rego Park,Boro Zone,#5a9178,-92.74579702332208,-96.58468005670088,#5a9178,-95.69630192913374
197,5929.04,19427.14,Queens,Richmond Hill,Boro Zone,#2a5a5b,-72.07629633118259,-38.15080944270228,#e8e8e8,-51.834167561047416
198,1307.18,818.65,Queens,Ridgewood,Boro Zone,#b8d6be,-77.91052544417893,-89.60991985176068,#90b2b3,-84.59187304891493
199,0.0,0.0,Bronx,Rikers Island,Boro Zone,#e8e8e8,-100.0,-0.0,#6c83b5,-100.0
200,1998.98,559.11,Bronx,Riverdale/North Riverdale/Fieldston,Boro Zone,#90b2b3,-57.124871040874424,-92.4504888663243,#73ae80,-78.80312290773138
201,466.51,551.78,Queens,Rockaway Park,Boro Zone,#b8d6be,-79.70115872787953,-77.84194040639306,#b5c0da,-78.73427714001099
202,600.4,75.21000000000002,Manhattan,Roosevelt Island,Boro Zone,#e8e8e8,-93.1684849146857,-95.90292531459387,#5a9178,-93.64094657758852
203,3682.49,1459.82,Queens,Rosedale,Boro Zone,#90b2b3,-53.358571913487985,-73.38901669407085,#e8e8e8,-61.57034922390536
204,198.08,0.0,Staten Island,Rossville/Woodrow,Boro Zone,#e8e8e8,-0.0,-0.0,#e8e8e8,-0.0
205,4412.71,4388.87,Queens,Saint Albans,Boro Zone,#5a9178,-69.89651716720776,-78.6484543144146,#e8e8e8,-75.00527492811756
206,303.13,0.0,Staten Island,Saint George/New Brighton,Boro Zone,#e8e8e8,-88.17842532397894,-100.0,#5a9178,-94.09345102394731
207,688.11,576.73,Queens,Saint Michaels Cemetery/Woodside,Boro Zone,#b8d6be,-89.1035111805757,41.3727172447604,#b5c0da,-81.18615125570437
208,1579.43,2026.27,Bronx,Schuylerville/Edgewater Park,Boro Zone,#5a9178,-76.5353011176496,-76.12692749962298,#e8e8e8,-76.30754653628381
209,6888.5,0.0,Manhattan,Seaport,Yellow Zone,#6c83b5,-97.87563688104082,-100.0,#2a5a5b,-97.8768638352349
210,3091.28,2602.55,Brooklyn,Sheepshead Bay,Boro Zone,#5a9178,-70.48511356616571,-92.7342932536452,#73ae80,-87.70052320780104
211,5545.22,0.0,Manhattan,SoHo,Yellow Zone,#6c83b5,-99.46262837136564,-100.0,#2a5a5b,-99.46265288723659
212,1644.05,2018.44,Bronx,Soundview/Bruckner,Boro Zone,#5a9178,-69.72601402799336,-87.46352606806977,#b8d6be,-82.98977618896564
213,5779.95,9230.31,Bronx,Soundview/Castle Hill,Boro Zone,#2a5a5b,-51.510934043393895,-63.915473565160475,#e8e8e8,-59.97242651960809
214,118.62,0.0,Staten Island,South Beach/Dongan Hills,Boro Zone,#e8e8e8,-85.43789437501535,-100.0,#5a9178,-90.69559487951808
215,2977.4,5105.22,Queens,South Jamaica,Boro Zone,#5a9178,-94.70254243801901,-57.4471383704415,#b5c0da,-88.14894295858988
216,2828.36,1499.68,Queens,South Ozone Park,Boro Zone,#90b2b3,-94.11820732135912,-90.70306058558418,#90b2b3,-93.2603523021726
217,982.56,229.7,Brooklyn,South Williamsburg,Boro Zone,#e8e8e8,-87.24039192005766,-95.90813705335991,#5a9178,-90.89493643219647
218,2577.33,2138.44,Queens,Springfield Gardens North,Boro Zone,#5a9178,-74.90174272759849,-78.95124347160183,#e8e8e8,-76.91564007397535
219,4682.39,1832.1,Queens,Springfield Gardens South,Boro Zone,#567994,-87.77100302852708,-52.80598445155408,#b5c0da,-84.5523140145075
220,1751.37,1515.88,Bronx,Spuyten Duyvil/Kingsbridge,Boro Zone,#90b2b3,-80.28684405134018,-89.6949714821789,#90b2b3,-86.1524168689395
221,250.5,184.82,Staten Island,Stapleton,Boro Zone,#e8e8e8,35.21537298931233,-72.93878208413254,#e8e8e8,-49.86121189085842
222,1720.13,1567.63,Brooklyn,Starrett City,Boro Zone,#90b2b3,-79.01822471002815,-88.00442288267885,#90b2b3,-84.54027228599197
223,3481.78,1352.1,Queens,Steinway,Boro Zone,#90b2b3,-97.05430298179719,-98.58752133969959,#2a5a5b,-97.7403770933993
224,9099.18,133.37,Manhattan,Stuy Town/Peter Cooper Village,Yellow Zone,#6c83b5,-96.35099267157152,56.721504112808475,#6c83b5,-96.29877097011003
225,4225.37,4780.38,Brooklyn,Stuyvesant Heights,Boro Zone,#5a9178,-77.86327249104131,-86.9652958138203,#90b2b3,-83.84962120159213
226,10588.1,5340.730000000001,Queens,Sunnyside,Boro Zone,#2a5a5b,-95.4152901228364,-90.7259092402467,#90b2b3,-94.47934205559694
227,1105.01,5996.6799999999985,Brooklyn,Sunset Park East,Boro Zone,#73ae80,-76.11362462198261,-27.475951014326604,#e8e8e8,-44.925298476499954
228,3329.3,2240.17,Brooklyn,Sunset Park West,Boro Zone,#5a9178,-78.77379842727319,-86.59653115830689,#90b2b3,-82.80933335226443
229,72141.36,111.73,Manhattan,Sutton Place/Turtle Bay North,Yellow Zone,#6c83b5,-96.71910983259971,-22.133946616488963,#6c83b5,-96.71424292493633
230,40582.88,0.0,Manhattan,Times Sq/Theatre District,Yellow Zone,#6c83b5,-99.16661210396342,-100.0,#2a5a5b,-99.16670057394774
231,22302.61,153.01,Manhattan,TriBeCa/Civic Center,Yellow Zone,#6c83b5,-99.10241051322457,-16.941700141135605,#6c83b5,-99.09631948190253
232,6877.14,264.84000000000003,Manhattan,Two Bridges/Seward Park,Yellow Zone,#567994,-96.91486976928655,880.5257312106627,#6c83b5,-96.79644897350616
233,48311.82,92.03,Manhattan,UN/Turtle Bay South,Yellow Zone,#6c83b5,-97.2183505691316,6.208886324293128,#6c83b5,-97.21319079346942
234,52975.14,32.07,Manhattan,Union Sq,Yellow Zone,#6c83b5,-98.59974631038557,-90.32608367771714,#567994,-98.59902138885212
235,4723.86,4764.89,Bronx,University Heights/Morris Heights,Boro Zone,#2a5a5b,-53.46606340190496,-75.35865236383985,#e8e8e8,-67.82209275511727
236,121012.87,1103.58,Manhattan,Upper East Side North,Yellow Zone,#567994,-97.32949129046192,-93.86052069691809,#2a5a5b,-97.31578512380345
237,96427.58,234.53,Manhattan,Upper East Side South,Yellow Zone,#6c83b5,-98.02577010595085,-21.81551488482182,#6c83b5,-98.0210899424653
238,144640.25,222.52,Manhattan,Upper West Side North,Yellow Zone,#6c83b5,-93.62536843358772,54.77498782778048,#b5c0da,-93.61596597077899
239,106450.68,28.27,Manhattan,Upper West Side South,Yellow Zone,#6c83b5,-96.48748291432852,-90.83541349239798,#567994,-96.48690767810824
240,729.79,256.89,Bronx,Van Cortlandt Park,Boro Zone,#b8d6be,-55.27589841643379,-89.60758930377443,#b8d6be,-75.95609772739459
241,3394.95,2613.46,Bronx,Van Cortlandt Village,Boro Zone,#5a9178,-44.25204685852784,-79.61650203370134,#b8d6be,-68.22841617723189
242,4987.16,4312.96,Bronx,Van Nest/Morris Park,Boro Zone,#2a5a5b,-39.09407325085794,-86.06937213402855,#b8d6be,-76.24403649992834
243,3985.34,6197.690000000001,Manhattan,Washington Heights North,Boro Zone,#5a9178,-86.79041407275955,-87.63878885983364,#90b2b3,-87.32007301365103
244,22266.93,30527.83,Manhattan,Washington Heights South,Boro Zone,#2a5a5b,-86.02160966626906,-88.78864670815787,#90b2b3,-87.76736038873256
245,78.52,0.0,Staten Island,West Brighton,Boro Zone,#e8e8e8,-60.279239174423324,-100.0,#73ae80,-83.96798497253813
246,14712.05,374.64,Manhattan,West Chelsea/Hudson Yards,Yellow Zone,#567994,-99.34775068095692,67.86450398781253,#6c83b5,-99.33120743034193
247,4767.730000000001,4743.18,Bronx,West Concourse,Boro Zone,#2a5a5b,-79.63532002720001,-88.97470251654545,#90b2b3,-85.68337792988505
248,3462.45,1583.81,Bronx,West Farms/Bronx River,Boro Zone,#90b2b3,-21.111090858551574,-81.76592420668226,#b8d6be,-61.40530676458374
249,31495.4,0.0,Manhattan,West Village,Yellow Zone,#6c83b5,-98.67705480696794,-100.0,#2a5a5b,-98.67709613827908
250,2247.98,1467.29,Bronx,Westchester Village/Unionport,Boro Zone,#90b2b3,-59.44499769079783,-88.8547838240209,#b8d6be,-80.14099669450466
251,0.0,25.55,Staten Island,Westerleigh,Boro Zone,#e8e8e8,-100.0,-93.07944418862915,#2a5a5b,-97.66664535749186
252,751.91,515.15,Queens,Whitestone,Boro Zone,#b8d6be,-79.18305874014746,-86.78441784995061,#90b2b3,-83.12849697605611
253,54.07,0.0,Queens,Willets Point,Boro Zone,#e8e8e8,-96.01309551021612,-100.0,#2a5a5b,-99.020149723007
254,5860.67,5390.7,Bronx,Williamsbridge/Olinville,Boro Zone,#2a5a5b,-50.75828611374375,-71.69992587288355,#e8e8e8,-63.64685850172213
255,517.54,284.7,Brooklyn,Williamsburg (North Side),Boro Zone,#b8d6be,-99.50973180565887,-99.78603840065846,#2a5a5b,-99.66380566505725
256,1579.45,494.16,Brooklyn,Williamsburg (South Side),Boro Zone,#90b2b3,-98.14505048687654,-99.06646858531529,#2a5a5b,-98.49828019294281
257,950.4,361.97,Brooklyn,Windsor Terrace,Boro Zone,#b8d6be,-86.54304695774313,-95.0981401181419,#5a9178,-90.91588068272274
258,1359.43,1123.85,Queens,Woodhaven,Boro Zone,#90b2b3,-77.80167275743709,-84.97693437760248,#90b2b3,-81.74709754242053
259,2271.18,1855.1,Bronx,Woodlawn/Wakefield,Boro Zone,#5a9178,-59.954438780637894,-78.41659656801663,#e8e8e8,-71.07717929810494
260,4430.980000000001,2303.64,Queens,Woodside,Boro Zone,#5a9178,-94.41101324208609,-98.34285620563531,#5a9178,-96.91487468874436
261,9226.65,94.51,Manhattan,World Trade Center,Yellow Zone,#6c83b5,-99.0917108377213,-82.71516880646695,#567994,-99.08290073017992
262,62383.89,142.89,Manhattan,Yorkville East,Yellow Zone,#6c83b5,-95.7398935464552,-58.03154462948278,#6c83b5,-95.73112831467682
263,132125.36000000002,931.23,Manhattan,Yorkville West,Yellow Zone,#567994,-93.54645769239413,-82.78273892062786,#90b2b3,-93.51809670190447
264,29393.53,357.14,Unknown,NV,,#567994,-97.86416732802437,-98.6205015852219,#2a5a5b,-97.87813270068924
265,10876.06,2536.84,Unknown,,,#2a5a5b,-96.6964955435892,-74.99963044028851,#6c83b5,-96.04776613585979
